AREA,ASSET TYPE,ASSET,ASSET DESCRIPTION,REPORT STATUS,ELECTRICAL (LV & HV) SYSTEMS,UTILITIES (POWERHOUSE) ,PIPELINES & DANGEROUS GOODS SYSTEMS,CIVIL & STRUCTURAL INFRASTRUCTURE SYSTEMS,CRANE SYSTEMS,TANK SYSTEMS,PRESSURE EQUIPMENT SYSTEMS,COMBUSTION SYSTEMS,FIRE PROTECTION SYSTEMS,COMBUSTIBLE DUST SYSTEMS,MOLTEN METAL SYSTEMS (ELECTRODE & CAST HOUSE FACILITIES),INSPECTOR,INSPECTION DATE
CARBON PLANT,BUILDINGS,BLDG-ELBA-255-PI-001,PREDIO INDUSTRIAL DA AREA DE ELETRODOS,0%,SIM,N/A,N/A,SIM,N/A,N/A,N/A,N/A,N/A,N/A,N/A,,
CARBON PLANT,BUILDINGS,BLDG-ELBA-261M-PI-001,PREDIO DE SUPRIMENTO DE OLEO E VAPOR P/ A FORNALHA,0%,SIM,N/A,N/A,SIM,N/A,N/A,N/A,N/A,N/A,N/A,N/A,,
CARBON PLANT,BUILDINGS,BLDG-ELBA-261-PI-001,PREDIO DA AREA DE COZIMENTO DE ANODOS,0%,SIM,N/A,N/A,SIM,N/A,N/A,N/A,N/A,N/A,SIM,N/A,,
CARBON PLANT,BUILDINGS,BLDG-ELBA-262-PI-001,PREDIO INDUSTRIAL DA AREA DE ELETRODOS,0%,SIM,N/A,N/A,SIM,N/A,N/A,N/A,N/A,N/A,SIM,N/A,,
CARBON PLANT,BUILDINGS,BLDG-ELFA-251-PI-001,PREDIO PARA ESTOCAGEM DE PICHE,0%,SIM,N/A,N/A,SIM,N/A,SIM,N/A,N/A,N/A,SIM,N/A,,
CARBON PLANT,BUILDINGS,BLDG-ELFA-252A-PI-001,PREDIO PARA ESTOCAGEM DE COQUE,0%,SIM,N/A,N/A,SIM,N/A,N/A,N/A,N/A,N/A,N/A,N/A,,
CARBON PLANT,BUILDINGS,BLDG-ELFA-254F-PI-001,PREDIO 254F ELETRODOS,0%,SIM,N/A,N/A,SIM,N/A,N/A,N/A,N/A,N/A,N/A,N/A,,
CARBON PLANT,BUILDINGS,BLDG-ELFA-254G-PI-001,PREDIO DA AREA DOS AQUECEDORES DE OLEO,0%,SIM,N/A,N/A,SIM,N/A,N/A,N/A,N/A,N/A,N/A,N/A,,
CARBON PLANT,BUILDINGS,BLDG-ELFA-254H-PI-001,SALA DE CTPV DA FABRICA DE ANODOS,0%,SIM,N/A,N/A,SIM,N/A,N/A,N/A,N/A,N/A,N/A,N/A,,
CARBON PLANT,BUILDINGS,BLDG-ELFA-254-PI-001,PREDIO DO 254 ELETRODOS,0%,SIM,N/A,N/A,SIM,N/A,N/A,N/A,N/A,N/A,SIM,N/A,,
CARBON PLANT,BUILDINGS,BLDG-ELFA-254Y-PI-001,PREDIO 254Y ELETRODOS,0%,SIM,N/A,N/A,SIM,N/A,N/A,N/A,N/A,N/A,N/A,N/A,,
CARBON PLANT,BUILDINGS,BLDG-ELSA-232H-PI-001,PREDIO DA AREA DE MOAGEM DE ANODO GASTO,0%,SIM,N/A,N/A,SIM,N/A,N/A,N/A,N/A,N/A,SIM,N/A,,
CARBON PLANT,BUILDINGS,BLDG-ELSA-232K-PI-001,PREDIO DA AREA DE CHUMBAMENTO DE ANODOS,0%,SIM,N/A,N/A,SIM,N/A,N/A,N/A,N/A,N/A,N/A,N/A,,
CARBON PLANT,BUILDINGS,BLDG-ELSA-232-PI-001,PREDIO DA AREA DE CHUMBAMENTO DE ANODOS,0%,SIM,N/A,N/A,SIM,N/A,N/A,N/A,N/A,N/A,N/A,N/A,,
CARBON PLANT,BUILDINGS,BLDG-ESAF-232A-PE-001,PREDIO DA OFICINA DE ALIMENTADORES,0%,SIM,N/A,N/A,SIM,N/A,N/A,N/A,N/A,N/A,N/A,N/A,,
CARBON PLANT,BUILDINGS,BLDG-FABS-232L-PI-001,PREDIO DA AREA DE ELETRODOS,0%,SIM,N/A,N/A,SIM,N/A,N/A,N/A,N/A,N/A,N/A,N/A,,
CARBON PLANT,OVERHEAD CRANES,CRAN-ELBA-255-PR-001,PONTE ROLANTE DE 15 TON,0%,N/A,N/A,N/A,N/A,SIM,N/A,N/A,N/A,N/A,N/A,N/A,,
CARBON PLANT,OVERHEAD CRANES,CRAN-ELPC-261-PR-001,PONTE ROLANTE ECL ELETRODOS,0%,N/A,N/A,N/A,N/A,SIM,N/A,N/A,N/A,N/A,N/A,N/A,,
CARBON PLANT,OVERHEAD CRANES,CRAN-ELPC-261-PR-002,PONTE ROLANTE ECL ELETRODOS,0%,N/A,N/A,N/A,N/A,SIM,N/A,N/A,N/A,N/A,N/A,N/A,,
CARBON PLANT,OVERHEAD CRANES,CRAN-ELPC-261-PR-005,PONTE ROLANTE ECL ELETRODOS,0%,N/A,N/A,N/A,N/A,SIM,N/A,N/A,N/A,N/A,N/A,N/A,,
CARBON PLANT,OVERHEAD CRANES,CRAN-ELPC-261-PR-006,PONTE ROLANTE ECL ELETRODOS,0%,N/A,N/A,N/A,N/A,SIM,N/A,N/A,N/A,N/A,N/A,N/A,,
CARBON PLANT,OVERHEAD CRANES,CRAN-ELPC-262-PR-001,PONTE ROLANTE ECL ELETRODOS,0%,N/A,N/A,N/A,N/A,SIM,N/A,N/A,N/A,N/A,N/A,N/A,,
CARBON PLANT,OVERHEAD CRANES,CRAN-ELPC-262-PR-002,PONTE ROLANTE VILLARES,0%,N/A,N/A,N/A,N/A,SIM,N/A,N/A,N/A,N/A,N/A,N/A,,
CARBON PLANT,OVERHEAD CRANES,CRAN-ELSA-232-PR-001,PONTE ROLANTE STARKER CRANE 15T,0%,N/A,N/A,N/A,N/A,SIM,N/A,N/A,N/A,N/A,N/A,N/A,,
CARBON PLANT,OVERHEAD CRANES,CRAN-ELSA-232-PR-002,PONTE ROLANTE DEMAG 5T,0%,N/A,N/A,N/A,N/A,SIM,N/A,N/A,N/A,N/A,N/A,N/A,,
CARBON PLANT,OVERHEAD CRANES,CRAN-ELSA-232-PR-003,PONTE ROLANTE MAUSA 5T,0%,N/A,N/A,N/A,N/A,SIM,N/A,N/A,N/A,N/A,N/A,N/A,,
CARBON PLANT,OVERHEAD CRANES,CRAN-ELSA-255-PR-001,PONTE ROLANTE STACKER CRANE15T,0%,N/A,N/A,N/A,N/A,SIM,N/A,N/A,N/A,N/A,N/A,N/A,,
CARBON PLANT,HOISTS,HOIS-ELBA-261M-TL-001,TALHA ELETRICA,0%,N/A,N/A,N/A,N/A,SIM,N/A,N/A,N/A,N/A,N/A,N/A,,
CARBON PLANT,HOISTS,HOIS-ELBA-261-TL-001,TALHA ELETRICA DA CHAMINE DO FORNO I,0%,N/A,N/A,N/A,N/A,SIM,N/A,N/A,N/A,N/A,N/A,N/A,,
CARBON PLANT,HOISTS,HOIS-ELBA-261-TL-002,TALHA ELETRICA DA CHAMINE DO FORNO II,0%,N/A,N/A,N/A,N/A,SIM,N/A,N/A,N/A,N/A,N/A,N/A,,
CARBON PLANT,HOISTS,HOIS-ELSA-232H-TL-001,TALHA ELETRICA,0%,N/A,N/A,N/A,N/A,SIM,N/A,N/A,N/A,N/A,N/A,N/A,,
CARBON PLANT,HOISTS,HOIS-ELSA-232-TL-001,TALHA COM ELETROIMA DEMAG,0%,N/A,N/A,N/A,N/A,SIM,N/A,N/A,N/A,N/A,N/A,N/A,,
CARBON PLANT,HOISTS,HOIS-ELSA-232-TL-002,TALHA DA 232-MQ-010,0%,N/A,N/A,N/A,N/A,SIM,N/A,N/A,N/A,N/A,N/A,N/A,,
CARBON PLANT,HOISTS,HOIS-ELSA-232-TL-003,TALHA ELETRICA,0%,N/A,N/A,N/A,N/A,SIM,N/A,N/A,N/A,N/A,N/A,N/A,,
CARBON PLANT,HOISTS,HOIS-ELSA-232-TL-004,TALHA ELETRICA,0%,N/A,N/A,N/A,N/A,SIM,N/A,N/A,N/A,N/A,N/A,N/A,,
CARBON PLANT,HOISTS,HOIS-ELSA-232-TL-007,TALHA ELETRICA,0%,N/A,N/A,N/A,N/A,SIM,N/A,N/A,N/A,N/A,N/A,N/A,,
CARBON PLANT,BOILERS,BOIL-ELBA-261M-CA-022,CALDEIRA ELETRICA BBC P/ 10 T/H VAPOR,0%,SIM,N/A,N/A,SIM,N/A,N/A,SIM,N/A,N/A,N/A,N/A,,
CARBON PLANT,BOILERS,BOIL-ELBA-261M-CA-023,CALDEIRA ELETRICA BBC P/ 10T/H VAPOR,0%,SIM,N/A,N/A,SIM,N/A,N/A,SIM,N/A,N/A,N/A,N/A,,
CARBON PLANT,CONVEYORS,CONV-ELBA-255-TP-002,TRANSPORTADOR DE ROLOS,0%,N/A,N/A,N/A,SIM,N/A,N/A,N/A,N/A,N/A,N/A,N/A,,
CARBON PLANT,CONVEYORS,CONV-ELBA-255-TP-003,TRANSPORTADOR AEREO POWER AND FREE - SISTEMA B3,0%,N/A,N/A,N/A,SIM,N/A,N/A,N/A,N/A,N/A,N/A,N/A,,
CARBON PLANT,CONVEYORS,CONV-ELBA-255-TP-005,TRANSPORTADOR DE ROLOS REVERSIVEIS,0%,N/A,N/A,N/A,SIM,N/A,N/A,N/A,N/A,N/A,N/A,N/A,,
CARBON PLANT,CONVEYORS,CONV-ELBA-255-TP-007,TRANSPORTADOR AEREO TIPO  GANCHO C - C-HOOK,0%,N/A,N/A,N/A,SIM,N/A,N/A,N/A,N/A,N/A,N/A,N/A,,
CARBON PLANT,CONVEYORS,CONV-ELBA-261-TP-030,TRANSPORTADOR DE ROSCA,0%,N/A,N/A,N/A,SIM,N/A,N/A,N/A,N/A,N/A,N/A,N/A,,
CARBON PLANT,CONVEYORS,CONV-ELBA-262-TP-002,TRANSPORTADOR DE ROLOS,0%,N/A,N/A,N/A,SIM,N/A,N/A,N/A,N/A,N/A,N/A,N/A,,
CARBON PLANT,CONVEYORS,CONV-ELFA-251-TP-001,TRANSPORTADOR DE ROSCA ENCO- SISTEMA 14,0%,N/A,N/A,N/A,SIM,N/A,N/A,N/A,N/A,N/A,N/A,N/A,,
CARBON PLANT,CONVEYORS,CONV-ELFA-252A-TP-003,TRANSPORTADOR DE ROSCA ENCO- SISTEMA 10,0%,N/A,N/A,N/A,SIM,N/A,N/A,N/A,N/A,N/A,N/A,N/A,,
CARBON PLANT,CONVEYORS,CONV-ELFA-252A-TP-005,TRANSPORTADOR DE ROSCA (COQUE),0%,N/A,N/A,N/A,SIM,N/A,N/A,N/A,N/A,N/A,N/A,N/A,,
CARBON PLANT,CONVEYORS,CONV-ELFA-252A-TP-008,TRANSPORTADOR ENCO,0%,N/A,N/A,N/A,SIM,N/A,N/A,N/A,N/A,N/A,N/A,N/A,,
CARBON PLANT,CONVEYORS,CONV-ELFA-252A-TP-010,TRANSPORTADOR DE ROSCA,0%,N/A,N/A,N/A,SIM,N/A,N/A,N/A,N/A,N/A,N/A,N/A,,
CARBON PLANT,CONVEYORS,CONV-ELFA-254-TP-001@TP-047,TRANSPORTADOR DE ROSCA ENCO - SISTEMA 10,0%,N/A,N/A,N/A,SIM,N/A,N/A,N/A,N/A,N/A,N/A,N/A,,
CARBON PLANT,CONVEYORS,CONV-ELFA-254Y-TP-004,TRANSPORTADOR DE ROSCA ENCO SISTEMA 13,0%,N/A,N/A,N/A,SIM,N/A,N/A,N/A,N/A,N/A,N/A,N/A,,
CARBON PLANT,CONVEYORS,CONV-ELFA-254Y-TP-005,TRANSPORTADOR DE ROSCA ENCO SISTEMA 13,0%,N/A,N/A,N/A,SIM,N/A,N/A,N/A,N/A,N/A,N/A,N/A,,
CARBON PLANT,CONVEYORS,CONV-ELFA-255-TP-001,TRANSPORTADOR AEREO ENCO,0%,N/A,N/A,N/A,SIM,N/A,N/A,N/A,N/A,N/A,N/A,N/A,,
CARBON PLANT,CONVEYORS,CONV-ELSA-232H-TP-001@002,TRANSPORTADOR DE CORREIA DE 54 FMC,0%,N/A,N/A,N/A,SIM,N/A,N/A,N/A,N/A,N/A,N/A,N/A,,
CARBON PLANT,CONVEYORS,CONV-ELSA-232H-TP-003@006,TRANSPORTADOR DE ROSCA,0%,N/A,N/A,N/A,SIM,N/A,N/A,N/A,N/A,N/A,N/A,N/A,,
CARBON PLANT,CONVEYORS,CONV-ELSA-232H-TP-007@008,TRANSPORTADOR DE ROSCA MIKROPUL,0%,N/A,N/A,N/A,SIM,N/A,N/A,N/A,N/A,N/A,N/A,N/A,,
CARBON PLANT,CONVEYORS,CONV-ELSA-232H-TP-009,TRANSPORTADOR DE ROSCA ENCO,0%,N/A,N/A,N/A,SIM,N/A,N/A,N/A,N/A,N/A,N/A,N/A,,
CARBON PLANT,CONVEYORS,CONV-ELSA-232-TP-001,TRANSPORTADOR AEREO P&F,0%,N/A,N/A,N/A,SIM,N/A,N/A,N/A,N/A,N/A,N/A,N/A,,
CARBON PLANT,CONVEYORS,CONV-ELSA-232-TP-002,TRANSPORTADOR DE TELA,0%,N/A,N/A,N/A,SIM,N/A,N/A,N/A,N/A,N/A,N/A,N/A,,
CARBON PLANT,CONVEYORS,CONV-ELSA-232-TP-003,TRANSPORTADOR DE ROLOS ACIONADOS,0%,N/A,N/A,N/A,SIM,N/A,N/A,N/A,N/A,N/A,N/A,N/A,,
CARBON PLANT,CONVEYORS,CONV-ELSA-232-TP-004,TRANSPDE ROLOS  /NO ESTOQMOTOR/REDUTOR 750510006,0%,N/A,N/A,N/A,SIM,N/A,N/A,N/A,N/A,N/A,N/A,N/A,,
CARBON PLANT,CONVEYORS,CONV-ELSA-232-TP-005,TRANSPORTADOR DE ROLOS LIVRES,0%,N/A,N/A,N/A,SIM,N/A,N/A,N/A,N/A,N/A,N/A,N/A,,
CARBON PLANT,CONVEYORS,CONV-ELSA-232-TP-006@008,TRANSPORTADOR DE ROLOS ACIONADOS,0%,N/A,N/A,N/A,SIM,N/A,N/A,N/A,N/A,N/A,N/A,N/A,,
CARBON PLANT,CONVEYORS,CONV-ELSA-232-TP-009@012,TRANSPORTADOR DE ROSCA MIKROPUL,0%,N/A,N/A,N/A,SIM,N/A,N/A,N/A,N/A,N/A,N/A,N/A,,
CARBON PLANT,CONVEYORS,CONV-ELSA-232-TP-013,TRANSPORTADOR DE ROSCA,0%,N/A,N/A,N/A,SIM,N/A,N/A,N/A,N/A,N/A,N/A,N/A,,
CARBON PLANT,CONVEYORS,CONV-ELSA-232X-TP-002,TRANSPORTADOR DE CORREIA DE 36 FMC,0%,N/A,N/A,N/A,SIM,N/A,N/A,N/A,N/A,N/A,N/A,N/A,,
CARBON PLANT,CONVEYORS,CONV-ELSA-252A-TP-009,TRANSPORTADOR DE ROSCA,0%,N/A,N/A,N/A,SIM,N/A,N/A,N/A,N/A,N/A,N/A,N/A,,
CARBON PLANT,CONVEYORS,FDR-ELFA-252A-AL-002,TRANSPORTADOR DE ROSCA ENCO- SISTEMA 10,0%,N/A,N/A,N/A,SIM,N/A,N/A,N/A,N/A,N/A,N/A,N/A,,
CARBON PLANT,ELEVATOR,ELEV-ELFA-251-EL-001,ELEVADOR DE CANECAS MOLLERS- SISTEMA 14,0%,N/A,N/A,N/A,SIM,N/A,N/A,N/A,N/A,N/A,N/A,N/A,,
CARBON PLANT,ELEVATOR,ELEV-ELFA-251-EL-002,ELEVADOR DE CANECAS MOELLERS- SISTEMA 14,0%,N/A,N/A,N/A,SIM,N/A,N/A,N/A,N/A,N/A,N/A,N/A,,
CARBON PLANT,ELEVATOR,ELEV-ELFA-252A-EL-001,ELEVADOR DE CANECAS MOELLERS - SISTEMA 10,0%,N/A,N/A,N/A,SIM,N/A,N/A,N/A,N/A,N/A,N/A,N/A,,
CARBON PLANT,ELEVATOR,ELEV-ELFA-252A-EL-002,ELEVADOR DE CANECA MOELLERS- SISTEMA 10,0%,N/A,N/A,N/A,SIM,N/A,N/A,N/A,N/A,N/A,N/A,N/A,,
CARBON PLANT,ELEVATOR,ELEV-ELFA-252A-EL-003,ELEVADOR DE CANECAS MOELLERS- SISTEMA 10,0%,N/A,N/A,N/A,SIM,N/A,N/A,N/A,N/A,N/A,N/A,N/A,,
CARBON PLANT,ELEVATOR,ELEV-ELFA-252A-EL-004,ELEVADOR DE CANECA MOELLERS - SISTEMA 10,0%,N/A,N/A,N/A,SIM,N/A,N/A,N/A,N/A,N/A,N/A,N/A,,
CARBON PLANT,ELEVATOR,ELEV-ELFA-252A-EL-011,ELEVADOR DE CANECAS MOELLERS,0%,N/A,N/A,N/A,SIM,N/A,N/A,N/A,N/A,N/A,N/A,N/A,,
CARBON PLANT,ELEVATOR,ELEV-ELFA-254-EL-001,ELEVADOR DE CANECA-SISTEMA 10,0%,N/A,N/A,N/A,SIM,N/A,N/A,N/A,N/A,N/A,N/A,N/A,,
CARBON PLANT,ELEVATOR,ELEV-ELFA-254-EL-002,ELEVADOR DE CANECAS - SISTEMA 14,0%,N/A,N/A,N/A,SIM,N/A,N/A,N/A,N/A,N/A,N/A,N/A,,
CARBON PLANT,ELEVATOR,ELEV-ELFA-254-EL-003,ELEVADOR DE CANECAS - SISTEMA 14,0%,N/A,N/A,N/A,SIM,N/A,N/A,N/A,N/A,N/A,N/A,N/A,,
CARBON PLANT,ELEVATOR,ELEV-ELFA-254-EL-004,ELEVADOR DE CANECA - SISTEMA 14,0%,N/A,N/A,N/A,SIM,N/A,N/A,N/A,N/A,N/A,N/A,N/A,,
CARBON PLANT,ELEVATOR,ELEV-ELFA-254-EL-005,ELEVADOR DE CANECAS - SISTEMA 14,0%,N/A,N/A,N/A,SIM,N/A,N/A,N/A,N/A,N/A,N/A,N/A,,
CARBON PLANT,ELEVATOR,ELEV-ELFA-254-EL-006,ELEVADOR DE CANECAS - SISTEMA 14,0%,N/A,N/A,N/A,SIM,N/A,N/A,N/A,N/A,N/A,N/A,N/A,,
CARBON PLANT,ELEVATOR,ELEV-ELFA-254-EL-007,ELEVADOR DE CANECAS-SISTEMA 14,0%,N/A,N/A,N/A,SIM,N/A,N/A,N/A,N/A,N/A,N/A,N/A,,
CARBON PLANT,ELEVATOR,ELEV-ELFA-254-EL-008,ELEVADOR DE CANECAS-SISTEMA 14,0%,N/A,N/A,N/A,SIM,N/A,N/A,N/A,N/A,N/A,N/A,N/A,,
CARBON PLANT,ELEVATOR,ELEV-ELFA-254-EL-009,ELEVADOR DE CANECAS-SISTEMA 14,0%,N/A,N/A,N/A,SIM,N/A,N/A,N/A,N/A,N/A,N/A,N/A,,
CARBON PLANT,ELEVATOR,ELEV-ELFA-254-EL-010,ELEVADOR DE CARGAS OTIS,0%,N/A,N/A,N/A,SIM,N/A,N/A,N/A,N/A,N/A,N/A,N/A,,
CARBON PLANT,ELEVATOR,ELEV-ELFA-254-EL-011,ELEVADOR DE CANECAS DO SISTEMA 10,0%,N/A,N/A,N/A,SIM,N/A,N/A,N/A,N/A,N/A,N/A,N/A,,
CARBON PLANT,ELEVATOR,ELEV-ELFA-254Y-EL-001,ELEVADOR DE CANECAS - SISTEMA 13,0%,N/A,N/A,N/A,SIM,N/A,N/A,N/A,N/A,N/A,N/A,N/A,,
CARBON PLANT,ELEVATOR,ELEV-ELSA-232H-EL-001,ELEVADOR DE CANECAS MOELLERS,0%,N/A,N/A,N/A,SIM,N/A,N/A,N/A,N/A,N/A,N/A,N/A,,
CARBON PLANT,ELEVATOR,ELEV-ELSA-232H-EL-002,ELEVADOR DE CANECAS MOELLERS,0%,N/A,N/A,N/A,SIM,N/A,N/A,N/A,N/A,N/A,N/A,N/A,,
CARBON PLANT,ELEVATOR,ELEV-ELSA-232H-EL-003,ELEVADOR PNEUMATICO MOLLERS 60 T/H,0%,N/A,N/A,N/A,SIM,N/A,N/A,SIM,N/A,N/A,N/A,N/A,,
CARBON PLANT,ELEVATOR,ELEV-ELSA-232H-EL-004,ELEVADOR DE CANECAS MOELLERS-70 METROS,0%,N/A,N/A,N/A,SIM,N/A,N/A,N/A,N/A,N/A,N/A,N/A,,
CARBON PLANT,FILTER,FILT-ELFA-254-PN-001,PENEIRA VIBRATORIA FMC - SISTEMA 10,0%,N/A,N/A,N/A,SIM,N/A,N/A,N/A,N/A,N/A,N/A,N/A,,
CARBON PLANT,FILTER,FILT-ELFA-254-PN-002,PENEIRA VIBRATORIA FMC - SISTEMA 10,0%,N/A,N/A,N/A,SIM,N/A,N/A,N/A,N/A,N/A,N/A,N/A,,
CARBON PLANT,FILTER,FILT-ELFA-254-PN-003,PENEIRA VIBRATORIA FMC - SISTEMA 10,0%,N/A,N/A,N/A,SIM,N/A,N/A,N/A,N/A,N/A,N/A,N/A,,
CARBON PLANT,FILTER,FILT-ELFA-254-PN-004,PENEIRA VIBRATORIA FMC - SISTEMA 10,0%,N/A,N/A,N/A,SIM,N/A,N/A,N/A,N/A,N/A,N/A,N/A,,
CARBON PLANT,FILTER,FILT-ELFA-254-PN-005,PENEIRA VIBRATORIA FMC - SISTEMA 13,0%,N/A,N/A,N/A,SIM,N/A,N/A,N/A,N/A,N/A,N/A,N/A,,
CARBON PLANT,FILTER,FILT-ELSA-232H-PN-001,PENEIRA VIBRATORIA CAP 60 TON/H - SISTEMA 31,0%,N/A,N/A,N/A,SIM,N/A,N/A,N/A,N/A,N/A,N/A,N/A,,
CARBON PLANT,FILTER,COLL-ELFA-252A-FL-001,FILTRO COLETOR DE PO,0%,N/A,N/A,N/A,SIM,N/A,N/A,N/A,N/A,N/A,N/A,N/A,,
CARBON PLANT,FILTER,COLL-ELFA-254-CI-001,COLETOR CICLONICO JAGUAR-SISTEMA 11,0%,N/A,N/A,N/A,SIM,N/A,N/A,N/A,N/A,N/A,N/A,N/A,,
CARBON PLANT,FILTER,COLL-ELFA-254-FL-001,COLETOR DE PO MICROPUL,0%,N/A,N/A,N/A,SIM,N/A,N/A,N/A,N/A,N/A,N/A,N/A,,
CARBON PLANT,FILTER,COLL-ELFA-254-FL-002,COLETOR DE PO MICROPUL,0%,N/A,N/A,N/A,SIM,N/A,N/A,N/A,N/A,N/A,N/A,N/A,,
CARBON PLANT,FILTER,COLL-ELFA-254-FL-003,FILTRO COLETOR DE PO MICROPUL,0%,N/A,N/A,N/A,SIM,N/A,N/A,N/A,N/A,N/A,N/A,N/A,,
CARBON PLANT,FILTER,COLL-ELFA-254-FL-004,FILTRO COLETOR DE PO MICROPUL,0%,N/A,N/A,N/A,SIM,N/A,N/A,N/A,N/A,N/A,N/A,N/A,,
CARBON PLANT,FILTER,COLL-ELFA-254-FL-005,FILTRO COLETOR DE PO MICROPUL,0%,N/A,N/A,N/A,SIM,N/A,N/A,N/A,N/A,N/A,N/A,N/A,,
CARBON PLANT,FILTER,COLL-ELFA-254-FL-006,FILTRO COLETOR DE PO MICROPUL,0%,N/A,N/A,N/A,SIM,N/A,N/A,N/A,N/A,N/A,N/A,N/A,,
CARBON PLANT,FILTER,COLL-ELFA-254-FL-007,FILTRO COLETOR DE PO MICROPUL,0%,N/A,N/A,N/A,SIM,N/A,N/A,N/A,N/A,N/A,N/A,N/A,,
CARBON PLANT,FILTER,COLL-ELFA-254-FL-008,FILTRO COLETOR DE PO MICROPUL,0%,N/A,N/A,N/A,SIM,N/A,N/A,N/A,N/A,N/A,N/A,N/A,,
CARBON PLANT,FILTER,COLL-ELFA-254-FL-009,FILTRO COLETOR DE PO MICROPUL,0%,N/A,N/A,N/A,SIM,N/A,N/A,N/A,N/A,N/A,N/A,N/A,,
CARBON PLANT,FILTER,COLL-ELFA-254-FL-010,FILTRO COLETOR DE PO MICROPUL,0%,N/A,N/A,N/A,SIM,N/A,N/A,N/A,N/A,N/A,N/A,N/A,,
CARBON PLANT,FILTER,COLL-ELFA-254-FL-011,FILTRO COLETOR DE PO MICROPUL,0%,N/A,N/A,N/A,SIM,N/A,N/A,N/A,N/A,N/A,N/A,N/A,,
CARBON PLANT,FILTER,COLL-ELFA-254-FL-012,FILTRO COLETOR DE PO MICROPUL,0%,N/A,N/A,N/A,SIM,N/A,N/A,N/A,N/A,N/A,N/A,N/A,,
CARBON PLANT,FILTER,COLL-ELFA-254-FL-013,FILTRO COLETOR DE PO MICROPUL,0%,N/A,N/A,N/A,SIM,N/A,N/A,N/A,N/A,N/A,N/A,N/A,,
CARBON PLANT,FILTER,COLL-ELFA-254-FL-014,FILTRO COLETOR DE PO MICROPUL,0%,N/A,N/A,N/A,SIM,N/A,N/A,N/A,N/A,N/A,N/A,N/A,,
CARBON PLANT,FILTER,COLL-ELFA-254-FL-015,FILTRO COLETOR DE PO MICROPUL,0%,N/A,N/A,N/A,SIM,N/A,N/A,N/A,N/A,N/A,N/A,N/A,,
CARBON PLANT,FILTER,COLL-ELFA-254-FL-016,FILTRO COLETOR DE PO MICROPUL,0%,N/A,N/A,N/A,SIM,N/A,N/A,N/A,N/A,N/A,N/A,N/A,,
CARBON PLANT,FILTER,COLL-ELFA-254-FL-017,FILTRO COLETOR DE PO MICROPUL,0%,N/A,N/A,N/A,SIM,N/A,N/A,N/A,N/A,N/A,N/A,N/A,,
CARBON PLANT,FILTER,COLL-ELFA-254-FL-018,FILTRO COLETOR DE PO MICROPUL,0%,N/A,N/A,N/A,SIM,N/A,N/A,N/A,N/A,N/A,N/A,N/A,,
CARBON PLANT,FILTER,COLL-ELFA-254-FL-020,FILTRO COLETOR DE PO,0%,N/A,N/A,N/A,SIM,N/A,N/A,N/A,N/A,N/A,N/A,N/A,,
CARBON PLANT,FILTER,COLL-ELSA-232-FL-006,FILTRO DE MANGAS,0%,N/A,N/A,N/A,SIM,N/A,N/A,N/A,N/A,N/A,N/A,N/A,,
CARBON PLANT,FILTER,COLL-ELSA-232-FL-008,FILTRO COLETOR DE PO,0%,N/A,N/A,N/A,SIM,N/A,N/A,N/A,N/A,N/A,N/A,N/A,,
CARBON PLANT,FILTER,COLL-ELSA-232-FL-009,COLETOR DE PO MIKROPUL 283 M3/MIN,0%,N/A,N/A,N/A,SIM,N/A,N/A,N/A,N/A,N/A,N/A,N/A,,
CARBON PLANT,FILTER,COLL-ELSA-232-FL-010,COLETOR DE PO MIKROPUL,0%,N/A,N/A,N/A,SIM,N/A,N/A,N/A,N/A,N/A,N/A,N/A,,
CARBON PLANT,FILTER,COLL-ELSA-232-FL-011,COLETOR DE PO MIKROPUL 240 M3/MIN,0%,N/A,N/A,N/A,SIM,N/A,N/A,N/A,N/A,N/A,N/A,N/A,,
CARBON PLANT,FILTER,COLL-ELSA-232-FL-012,COLETOR DE PO MIKROPUL,0%,N/A,N/A,N/A,SIM,N/A,N/A,N/A,N/A,N/A,N/A,N/A,,
CARBON PLANT,FILTER,COLL-ELSA-232H-FL-001,COLETOR DE PO MIKROPUL,0%,N/A,N/A,N/A,SIM,N/A,N/A,N/A,N/A,N/A,N/A,N/A,,
CARBON PLANT,FILTER,COLL-ELSA-232H-FL-002,COLETOE DE PO MIKROPUL,0%,N/A,N/A,N/A,SIM,N/A,N/A,N/A,N/A,N/A,N/A,N/A,,
CARBON PLANT,FURNACES,FURN-ELBA-261-FR-001,FORNO DE COZIMENTO DE ANODOS/FORNO - 01,0%,N/A,N/A,N/A,SIM,N/A,N/A,N/A,N/A,N/A,SIM,SIM,,
CARBON PLANT,FURNACES,FURN-ELBA-261-FR-002,FORNO DE COZIMENTO DE ANODOS/FORNO - 02,0%,N/A,N/A,N/A,SIM,N/A,N/A,N/A,N/A,N/A,SIM,SIM,,
CARBON PLANT,FURNACES,FURN-ELBA-262-FR-001,FORNO DE COZIMENTO DE ANODOS/FORNO - 03,0%,N/A,N/A,N/A,SIM,N/A,N/A,N/A,N/A,N/A,SIM,SIM,,
CARBON PLANT,FURNACES,FURN-ELSA-232-FR-002,FORNO DE INDUCAO,0%,N/A,N/A,N/A,SIM,N/A,N/A,N/A,N/A,N/A,SIM,SIM,,
CARBON PLANT,FURNACES,FURN-ESGE-136S-FR-031,FORNA DE COZIMENTO DE CATODO,0%,N/A,N/A,N/A,SIM,N/A,N/A,N/A,N/A,N/A,SIM,SIM,,
CARBON PLANT,FURNACES,FURN-ESPR-136S-FR-031,FORNO DE COZIMENTO DE CATODO,0%,N/A,N/A,N/A,SIM,N/A,N/A,N/A,N/A,N/A,SIM,SIM,,
CARBON PLANT,HEATERS,HEAT-ELFA-254-TE-002,PRE-AQUECEDOR DE COQUE ELETRICO,0%,N/A,N/A,N/A,SIM,N/A,N/A,N/A,N/A,N/A,SIM,SIM,,
CARBON PLANT,HEATERS,HEAT-ELFA-254-TE-003,PRE-AQUECEDOR DE COQUE ELETRICO,0%,N/A,N/A,N/A,SIM,N/A,N/A,N/A,N/A,N/A,SIM,SIM,,
CARBON PLANT,HEATERS,HEAT-ELFA-254-TE-004,PRE-AQUECEDOR DE COQUE ELETRICO,0%,N/A,N/A,N/A,SIM,N/A,N/A,N/A,N/A,N/A,SIM,SIM,,
CARBON PLANT,HEATERS,HEAT-ELFA-254-TE-005,PRE-AQUECEDOR DE COQUE ELETRICO,0%,N/A,N/A,N/A,SIM,N/A,N/A,N/A,N/A,N/A,SIM,SIM,,
CARBON PLANT,HEATERS,HEAT-ELFA-254-TE-006,PRE-AQUECEDOR DE COQUE ELETRICO,0%,N/A,N/A,N/A,SIM,N/A,N/A,N/A,N/A,N/A,SIM,SIM,,
CARBON PLANT,HEATERS,HEAT-ELFA-254-TE-007,PRE-AQUECEDOR DE COQUE ELETRICO,0%,N/A,N/A,N/A,SIM,N/A,N/A,N/A,N/A,N/A,SIM,SIM,,
CARBON PLANT,HEATERS,HEAT-ELFA-254-TE-008,PRE-AQUECEDOR DE COQUE ELETRICO,0%,N/A,N/A,N/A,SIM,N/A,N/A,N/A,N/A,N/A,SIM,SIM,,
CARBON PLANT,HEATERS,HEAT-ELSA-232-FR-002,FORNO DE INDUCAO INDUCTOTHERM,0%,N/A,N/A,N/A,SIM,N/A,N/A,N/A,N/A,N/A,N/A,SIM,,
CARBON PLANT,HEATERS,HEAT-ELSA-232-FR-003,FORNO DE INDUCAO INDUCTOTHERM,0%,N/A,N/A,N/A,SIM,N/A,N/A,N/A,N/A,N/A,N/A,SIM,,
CARBON PLANT,HOPPERS,HOPR-ELFA-251-MG-001,MOEGA PARA PITCHE EBSE - S14,0%,N/A,N/A,N/A,SIM,N/A,N/A,N/A,N/A,N/A,SIM,N/A,,
CARBON PLANT,HOPPERS,HOPR-ELFA-252A-MG-001,MOEGA DE COQUE EBSE - SISTEMA 252A,0%,N/A,N/A,N/A,SIM,N/A,N/A,N/A,N/A,N/A,SIM,N/A,,
CARBON PLANT,MILLS,MILL-ELFA-254-MO-001,MOINHO DE MARTELO BASBER GREENE,0%,N/A,N/A,N/A,SIM,N/A,N/A,N/A,N/A,N/A,SIM,N/A,,
CARBON PLANT,MILLS,MILL-ELFA-254-MO-002,MOINHO DE BOLAS JARAGUA-SISTEMA 11,0%,N/A,N/A,N/A,SIM,N/A,N/A,N/A,N/A,N/A,SIM,N/A,,
CARBON PLANT,MILLS,MILL-ELSA-232H-MO-001,MOINHO PRIMARIO,0%,N/A,N/A,N/A,SIM,N/A,N/A,N/A,N/A,N/A,SIM,N/A,,
CARBON PLANT,MILLS,MILL-ELSA-232H-MO-002,MOINHO DE MARTELO B. GREENE,0%,N/A,N/A,N/A,SIM,N/A,N/A,N/A,N/A,N/A,SIM,N/A,,
CARBON PLANT,MILLS,MACH-ELSA-232-ML-005,MAQUINA DE LIMPEZA DE BUTTS,0%,N/A,N/A,N/A,SIM,N/A,N/A,SIM,N/A,N/A,SIM,N/A,,
CARBON PLANT,MILLS,MACH-ELSA-232-ML-006,MAQUINA DE LIMPEZA DE HASTES,0%,N/A,N/A,N/A,SIM,N/A,N/A,SIM,N/A,N/A,SIM,N/A,,
CARBON PLANT,MILLS,MACH-ELSA-232H-ML-002,MAQUINA DE REMOCAO DE BANHO,0%,N/A,N/A,N/A,SIM,N/A,N/A,SIM,N/A,N/A,SIM,N/A,,
CARBON PLANT,SILOS,SILO-ELFA-252A-SL-001,SILO DE ESTOCAGEM DE COQUE - SISTEMA 10,0%,N/A,N/A,N/A,SIM,N/A,SIM,N/A,N/A,N/A,SIM,N/A,,
CARBON PLANT,SILOS,SILO-ELFA-254-SL-001,SILO DE COQUE EBSE-SISTEMA 10,0%,N/A,N/A,N/A,SIM,N/A,SIM,N/A,N/A,N/A,SIM,N/A,,
CARBON PLANT,SILOS,SILO-ELFA-254-SL-002,SILO DE COQUE EBSE- SISTEMA 11,0%,N/A,N/A,N/A,SIM,N/A,SIM,N/A,N/A,N/A,SIM,N/A,,
CARBON PLANT,SILOS,SILO-ELFA-254-SL-003,SILO DE COQUE EBSE- SISTEMA 12,0%,N/A,N/A,N/A,SIM,N/A,SIM,N/A,N/A,N/A,SIM,N/A,,
CARBON PLANT,SILOS,SILO-ELFA-254-SL-004,SILO DE COQUE EBSE,0%,N/A,N/A,N/A,SIM,N/A,SIM,N/A,N/A,N/A,SIM,N/A,,
CARBON PLANT,SILOS,SILO-ELFA-254Y-SL-001,SILO DE COQUE EBSE - SISTEMA 13,0%,N/A,N/A,N/A,SIM,N/A,SIM,N/A,N/A,N/A,SIM,N/A,,
CARBON PLANT,SILOS,SILO-ELFA-254Y-SL-002,SILO PARA ESTOCAGEM EBSE,0%,N/A,N/A,N/A,SIM,N/A,SIM,N/A,N/A,N/A,SIM,N/A,,
CARBON PLANT,SILOS,SILO-ELFA-254Y-SL-003,SILO PARA ESTOCAGEM EBSE,0%,N/A,N/A,N/A,SIM,N/A,SIM,N/A,N/A,N/A,SIM,N/A,,
CARBON PLANT,SILOS,SILO-ELFA-254Y-SL-004,SILO PARA ESTOCAGEM EBSE,0%,N/A,N/A,N/A,SIM,N/A,SIM,N/A,N/A,N/A,SIM,N/A,,
CARBON PLANT,SILOS,SILO-ELFA-254Y-SL-005,SILO PARA ESTOCAGEM EBSE,0%,N/A,N/A,N/A,SIM,N/A,SIM,N/A,N/A,N/A,SIM,N/A,,
CARBON PLANT,SILOS,SILO-ELFA-254Y-SL-006,SILO PARA ESTOCAGEM EBSE,0%,N/A,N/A,N/A,SIM,N/A,SIM,N/A,N/A,N/A,SIM,N/A,,
CARBON PLANT,SILOS,SILO-ELFA-254Y-SL-007,SILO PARA ESTOCAGEM EBSE,0%,N/A,N/A,N/A,SIM,N/A,SIM,N/A,N/A,N/A,SIM,N/A,,
CARBON PLANT,SILOS,SILO-ELFA-254Y-SL-008,SILO PARA ESTOCAGEM EBSE,0%,N/A,N/A,N/A,SIM,N/A,SIM,N/A,N/A,N/A,SIM,N/A,,
CARBON PLANT,SILOS,SILO-ELFA-254Y-SL-009,SILO PARA ESTOCAGEM EBSE,0%,N/A,N/A,N/A,SIM,N/A,SIM,N/A,N/A,N/A,SIM,N/A,,
CARBON PLANT,SILOS,SILO-ELSA-232H-SL-001,SILO DE ESTOCAGEM DE BUTTS,0%,N/A,N/A,N/A,SIM,N/A,SIM,N/A,N/A,N/A,SIM,N/A,,
CARBON PLANT,STACKS,STAK-ELBA-261-CH-001,CHAMINE DO FORNO - 01,0%,N/A,N/A,N/A,SIM,N/A,N/A,N/A,N/A,N/A,SIM,N/A,,
CARBON PLANT,STACKS,STAK-ELBA-261-CH-002,CHAMINE DO FORNO - 02,0%,N/A,N/A,N/A,SIM,N/A,N/A,N/A,N/A,N/A,SIM,N/A,,
CARBON PLANT,STACKS,STAK-ELBA-262-CH-001,CHAMINE DO FORNO DE COZIMENTO DE ANODOS 3,0%,N/A,N/A,N/A,SIM,N/A,N/A,N/A,N/A,N/A,SIM,N/A,,
CARBON PLANT,STACKS,STAK-ELFA-254-CH-001,CHAMINE DA FABRICA DE ANODOS VERDE,0%,N/A,N/A,N/A,SIM,N/A,N/A,N/A,N/A,N/A,SIM,N/A,,
CARBON PLANT,STATIONS,STAT-232H-ES-001,ESTACAO DE LIMPEZA DE BUTTS,0%,N/A,N/A,N/A,SIM,N/A,N/A,N/A,N/A,N/A,SIM,N/A,,
CARBON PLANT,STATIONS,STAT-ELBA-255-ES-001,ESTACAO DE RECUPERACAO E ARMAZENAGEM,0%,N/A,N/A,N/A,SIM,N/A,N/A,N/A,N/A,N/A,SIM,N/A,,
CARBON PLANT,STATIONS,STAT-ELBA-261-ES-001,ESTACAO DE ANODOS VERDES - SISTEMA J,0%,N/A,N/A,N/A,SIM,N/A,N/A,N/A,N/A,N/A,SIM,N/A,,
CARBON PLANT,STATIONS,STAT-ELBA-261-ES-002,ESTACAO DE ANODOS VERDES - SISTEMA K,0%,N/A,N/A,N/A,SIM,N/A,N/A,N/A,N/A,N/A,SIM,N/A,,
CARBON PLANT,STATIONS,STAT-ELBA-261-ES-003,ESTACAO DE ANODOS COZIDOS - SISTEMA D.,0%,N/A,N/A,N/A,SIM,N/A,N/A,N/A,N/A,N/A,SIM,N/A,,
CARBON PLANT,STATIONS,STAT-ELBA-261-ES-004,ESTACAO DE ANODOS COZIDOS - SISTEMA L,0%,N/A,N/A,N/A,SIM,N/A,N/A,N/A,N/A,N/A,SIM,N/A,,
CARBON PLANT,STATIONS,STAT-ELBA-261-ES-005,ESTACAO DE SAIDA DE ANODOS - SISTEMA  E,0%,N/A,N/A,N/A,SIM,N/A,N/A,N/A,N/A,N/A,SIM,N/A,,
CARBON PLANT,STATIONS,STAT-ELBA-262-ES-001,MANUSEIO DE ANODOS VERDES - SISTEMA P,0%,N/A,N/A,N/A,SIM,N/A,N/A,N/A,N/A,N/A,SIM,N/A,,
CARBON PLANT,STATIONS,STAT-ELBA-262-ES-002,MANUSEIO DE ANODOS COZIDOS -- SISTEMA S,0%,N/A,N/A,N/A,SIM,N/A,N/A,N/A,N/A,N/A,SIM,N/A,,
CARBON PLANT,STATIONS,STAT-ELBA-262-ES-003,MANUSEIO DE ANODOS COZIDOS - SISTEMA V,0%,N/A,N/A,N/A,SIM,N/A,N/A,N/A,N/A,N/A,SIM,N/A,,
CARBON PLANT,STATIONS,STAT-ELSA-232-ES-001,ESTACAO DE RECEPCAO DE BUTTS E EXPEDICAO DE ANODOS,0%,N/A,N/A,N/A,SIM,N/A,N/A,N/A,N/A,N/A,SIM,N/A,,
CARBON PLANT,STATIONS,STAT-ELSA-232-ES-003,ESTACAO DE LIMPEZA DE BUTTS,0%,N/A,N/A,N/A,SIM,N/A,N/A,N/A,N/A,N/A,SIM,N/A,,
CARBON PLANT,TANKS,TANK-ELBA-261L-TQ-011,TANQUE DE OLEO DIESEL BARE FAME,0%,N/A,N/A,SIM,SIM,N/A,SIM,N/A,N/A,N/A,SIM,N/A,,
CARBON PLANT,TANKS,TANK-ELBA-261M-TQ-021,TANQUE DIARIO BBF 60 M3,0%,N/A,N/A,SIM,SIM,N/A,SIM,N/A,N/A,N/A,SIM,N/A,,
CARBON PLANT,TANKS,TANK-ELBA-261M-TQ-023,TANQUE DE AGUA PRE-AQUECIDA 29 M3,0%,N/A,N/A,SIM,SIM,N/A,SIM,N/A,N/A,N/A,SIM,N/A,,
CARBON PLANT,TANKS,TANK-ELFA-252A-TQ-001,TANQUE DE OLEO BPF,0%,N/A,N/A,SIM,SIM,N/A,SIM,N/A,N/A,N/A,SIM,N/A,,
CARBON PLANT,TANKS,TANK-ELFA-254-TQ-001,TANQUE DE RESFRIAMENTO DE ANODOS,0%,N/A,N/A,N/A,SIM,N/A,SIM,N/A,N/A,N/A,SIM,N/A,,
CARBON PLANT,COOLING TOWERS,TOWR-ELFA-232H-TR-001,TORRE DE REFRIGERACAO F-III,0%,N/A,N/A,N/A,SIM,N/A,N/A,N/A,N/A,N/A,N/A,N/A,,
CARBON PLANT,COOLING TOWERS,TOWR-ELFA-232H-TR-031,TORRE DE RESFRIAMENTO,0%,N/A,N/A,N/A,SIM,N/A,N/A,N/A,N/A,N/A,N/A,N/A,,
CARBON PLANT,COOLING TOWERS,TOWR-ELFA-255J-TR-001,TORRE DE RESFRIAMENTO DE AGUA ALPINA,0%,N/A,N/A,N/A,SIM,N/A,N/A,N/A,N/A,N/A,N/A,N/A,,
CARBON PLANT,COOLING TOWERS,TOWR-ELFA-255-TR-001,TORRE DE RESFRIAMENTO,0%,N/A,N/A,N/A,SIM,N/A,N/A,N/A,N/A,N/A,N/A,N/A,,
CARBON PLANT,COOLING TOWERS,TOWR-ELGE-COZI-261-TR-501,TORRE DE RESFRIAMENTO,0%,N/A,N/A,N/A,SIM,N/A,N/A,N/A,N/A,N/A,N/A,N/A,,
CARBON PLANT,COOLING TOWERS,TOWR-ELGE-COZI-261-TR-502,TORRE DE RESFRIAMENTO,0%,N/A,N/A,N/A,SIM,N/A,N/A,N/A,N/A,N/A,N/A,N/A,,
CARBON PLANT,COOLING TOWERS,TOWR-ELSA-232-TR-001,TORRE DE REFRIGERACAO INDUCTOTHERM,0%,N/A,N/A,N/A,SIM,N/A,N/A,N/A,N/A,N/A,N/A,N/A,,
CARBON PLANT,COOLING TOWERS,TOWR-ELSA-232-TR-002,TORRE DE REFRIGERACAO,0%,N/A,N/A,N/A,SIM,N/A,N/A,N/A,N/A,N/A,N/A,N/A,,
CARBON PLANT,VESSELS,VESSEL-ELBA-232-TQ-001,TANQUE CRIOGENICO TM 1100,0%,N/A,N/A,N/A,N/A,N/A,SIM,SIM,N/A,N/A,N/A,N/A,,
CARBON PLANT,VESSELS,VESSEL-ELBA-261-FL-002,FILTRO DECANTADOR,0%,N/A,N/A,N/A,N/A,N/A,N/A,SIM,N/A,N/A,N/A,N/A,,
CARBON PLANT,VESSELS,VESSEL-ELBA-261-VA-001,RESERVATORIO PARA AR COMPRIMIDO,0%,N/A,N/A,N/A,N/A,N/A,N/A,SIM,N/A,N/A,N/A,N/A,,
CARBON PLANT,VESSELS,VESSEL-ELBA-261-VA-002,RESERVATORIO PARA AR COMPRIMIDO TQ-5001,0%,N/A,N/A,N/A,N/A,N/A,N/A,SIM,N/A,N/A,N/A,N/A,,
CARBON PLANT,VESSELS,VESS-ELPC-261-VA-001A,VASO DE PRESSAO,0%,N/A,N/A,N/A,N/A,N/A,N/A,SIM,N/A,N/A,N/A,N/A,,
CARBON PLANT,VESSELS,VESS-ELPC-261-VA-002A,VASO DE PRESSAO,0%,N/A,N/A,N/A,N/A,N/A,N/A,SIM,N/A,N/A,N/A,N/A,,
CASTHOUSE,BUILDINGS,BLDG-SMEL-134S-PI-001,ESTOCAGEM DE BORRAS,0%,N/A,N/A,N/A,SIM,N/A,N/A,N/A,N/A,N/A,N/A,N/A,,
CASTHOUSE,BUILDINGS,BLDG-CAIS-134G-PI-001,PREDIO ADMINISTRATIVO DO LINGOTAMENTO,0%,N/A,N/A,N/A,SIM,N/A,N/A,N/A,N/A,N/A,N/A,N/A,,
CASTHOUSE,BUILDINGS,BLDG-CAIS-134-PI-001,PREDIO INDUSTRIAL E EQUIPAMENTOS AUXILIARES,0%,N/A,N/A,N/A,SIM,N/A,N/A,N/A,N/A,N/A,N/A,N/A,,
CASTHOUSE,OVERHEAD CRANES,CRAN-CAIS-134-PR-100,PONTE 1,0%,N/A,N/A,N/A,N/A,SIM,N/A,N/A,N/A,N/A,N/A,N/A,,
CASTHOUSE,OVERHEAD CRANES,CRAN-CAIS-134-PR-200,PONTE 2,0%,N/A,N/A,N/A,N/A,SIM,N/A,N/A,N/A,N/A,N/A,N/A,,
CASTHOUSE,OVERHEAD CRANES,CRAN-CAIS-134-PR-300,PONTE 5,0%,N/A,N/A,N/A,N/A,SIM,N/A,N/A,N/A,N/A,N/A,N/A,,
CASTHOUSE,HOISTS,HOIS-CAIS-134-PR-004,134 - TALHAS - EQUIPAMENTO,0%,N/A,N/A,N/A,N/A,SIM,N/A,N/A,N/A,N/A,N/A,N/A,,
CASTHOUSE,HOISTS,HOIS-CAME-134-TL-001,134 - TALHAS - EQUIPAMENTO,0%,N/A,N/A,N/A,N/A,SIM,N/A,N/A,N/A,N/A,N/A,N/A,DAYVID E RAUL,06/02/2024
CASTHOUSE,HOISTS,HOIS-CAME-134-TL-002,134 - TALHAS - EQUIPAMENTO,0%,N/A,N/A,N/A,N/A,SIM,N/A,N/A,N/A,N/A,N/A,N/A,DAYVID E RAUL,06/02/2024
CASTHOUSE,HOISTS,HOIS-CAME-134-TL-003,134 - TALHAS - EQUIPAMENTO,0%,N/A,N/A,N/A,N/A,SIM,N/A,N/A,N/A,N/A,N/A,N/A,DAYVID E RAUL,06/02/2024
CASTHOUSE,HOISTS,HOIS-CAME-134-TL-004,134 - TALHAS - EQUIPAMENTO,0%,N/A,N/A,N/A,N/A,SIM,N/A,N/A,N/A,N/A,N/A,N/A,DAYVID E RAUL,06/02/2024
CASTHOUSE,HOISTS,HOIS-CAME-134-TL-005,134 - TALHAS - EQUIPAMENTO,0%,N/A,N/A,N/A,N/A,SIM,N/A,N/A,N/A,N/A,N/A,N/A,DAYVID E RAUL,06/02/2024
CASTHOUSE,HOISTS,HOIS-CAME-134-TL-006,134 - TALHAS - EQUIPAMENTO,0%,N/A,N/A,N/A,N/A,SIM,N/A,N/A,N/A,N/A,N/A,N/A,,
CASTHOUSE,HOISTS,HOIS-CAME-134-TL-007,134 - TALHAS - EQUIPAMENTO,0%,N/A,N/A,N/A,N/A,SIM,N/A,N/A,N/A,N/A,N/A,N/A,,
CASTHOUSE,HOISTS,HOIS-CAME-134-TL-008,134 - TALHAS - EQUIPAMENTO,0%,N/A,N/A,N/A,N/A,SIM,N/A,N/A,N/A,N/A,N/A,N/A,,
CASTHOUSE,HOISTS,HOIS-CAME-134-TL-009,134 - TALHAS - EQUIPAMENTO,0%,N/A,N/A,N/A,N/A,SIM,N/A,N/A,N/A,N/A,N/A,N/A,,
CASTHOUSE,HOISTS,HOIS-CAME-134-TL-010,134 - TALHAS - EQUIPAMENTO,0%,N/A,N/A,N/A,N/A,SIM,N/A,N/A,N/A,N/A,N/A,N/A,,
CASTHOUSE,HOISTS,HOIS-CAME-134-TL-011,134 - TALHAS - EQUIPAMENTO,0%,N/A,N/A,N/A,N/A,SIM,N/A,N/A,N/A,N/A,N/A,N/A,,
CASTHOUSE,HOISTS,HOIS-CAME-134-TL-012,134 - TALHAS - EQUIPAMENTO,0%,N/A,N/A,N/A,N/A,SIM,N/A,N/A,N/A,N/A,N/A,N/A,,
CASTHOUSE,HOISTS,HOIS-CAME-134-TL-013,134 - TALHAS - EQUIPAMENTO,0%,N/A,N/A,N/A,N/A,SIM,N/A,N/A,N/A,N/A,N/A,N/A,,
CASTHOUSE,HOISTS,HOIS-CAME-134-TL-014,134 - TALHAS - EQUIPAMENTO,0%,N/A,N/A,N/A,N/A,SIM,N/A,N/A,N/A,N/A,N/A,N/A,,
CASTHOUSE,HOISTS,HOIS-CAME-134-TL-015,134 - TALHAS - EQUIPAMENTO,0%,N/A,N/A,N/A,N/A,SIM,N/A,N/A,N/A,N/A,N/A,N/A,,
CASTHOUSE,HOISTS,HOIS-CAME-134-TL-016,134 - TALHAS - EQUIPAMENTO,0%,N/A,N/A,N/A,N/A,SIM,N/A,N/A,N/A,N/A,N/A,N/A,,
CASTHOUSE,HOISTS,HOIS-CAME-134-TL-017,134 - TALHAS - EQUIPAMENTO,0%,N/A,N/A,N/A,N/A,SIM,N/A,N/A,N/A,N/A,N/A,N/A,,
CASTHOUSE,GAUTSCHI,CAST-CAIS-134-MF-100,GAUTSCHI 1,0%,N/A,N/A,N/A,SIM,N/A,N/A,N/A,N/A,N/A,N/A,SIM,,
CASTHOUSE,GAUTSCHI,CAST-CAIS-134-MF-200,GAUTSCHI 2,0%,N/A,N/A,N/A,SIM,N/A,N/A,N/A,N/A,N/A,N/A,SIM,,
CASTHOUSE,GAUTSCHI,CAST-CAIS-134-MF-300,GAUTSCHI 3,0%,N/A,N/A,N/A,SIM,N/A,N/A,N/A,N/A,N/A,N/A,SIM,,
CASTHOUSE,CONVEYORS,CONV-CAIS-134-TP-001,134 - TRANSPORTADOR - EQUIPAMENTO,0%,N/A,N/A,N/A,SIM,N/A,N/A,N/A,N/A,N/A,N/A,N/A,,
CASTHOUSE,CONVEYORS,CONV-CAIS-134-TP-002,134 - TRANSPORTADOR - EQUIPAMENTO,0%,N/A,N/A,N/A,SIM,N/A,N/A,N/A,N/A,N/A,N/A,N/A,,
CASTHOUSE,CONVEYORS,CONV-CAIS-134-TP-003,TRANSPORTADOR DE CAPSULA DE AMOSTRA,0%,N/A,N/A,N/A,SIM,N/A,N/A,N/A,N/A,N/A,N/A,N/A,,
CASTHOUSE,FILTER,FILT-CAGE-134J-FL-001,134 - FILTROS DO SISTEMA DE AGUA - EQUIPAMENTO,0%,N/A,N/A,N/A,SIM,N/A,N/A,N/A,N/A,N/A,N/A,N/A,,
CASTHOUSE,FILTER,FILT-CAGE-134J-FL-002,134 - FILTROS DO SISTEMA DE AGUA - EQUIPAMENTO,0%,N/A,N/A,N/A,SIM,N/A,N/A,N/A,N/A,N/A,N/A,N/A,,
CASTHOUSE,FILTER,FILT-CAGE-134J-FL-003,134 - FILTROS DO SISTEMA DE AGUA - EQUIPAMENTO,0%,N/A,N/A,N/A,SIM,N/A,N/A,N/A,N/A,N/A,N/A,N/A,,
CASTHOUSE,FILTER,FILT-CAGE-134J-FL-004,134 - FILTROS DO SISTEMA DE AGUA - EQUIPAMENTO,0%,N/A,N/A,N/A,SIM,N/A,N/A,N/A,N/A,N/A,N/A,N/A,,
CASTHOUSE,FILTER,FILT-CAGE-134L-FL-001,134 - FILTROS DO SISTEMA DE AGUA - EQUIPAMENTO,0%,N/A,N/A,N/A,SIM,N/A,N/A,N/A,N/A,N/A,N/A,N/A,,
CASTHOUSE,FILTER,FILT-CAGE-134L-FL-002,134 - FILTROS DO SISTEMA DE AGUA - EQUIPAMENTO,0%,N/A,N/A,N/A,SIM,N/A,N/A,N/A,N/A,N/A,N/A,N/A,,
CASTHOUSE,FURNACES,FURN-CAIS-134-FR-007,FORNO DE PRE-AQUECIMENTO DE CARGA SOLIDA MASTERFMFHT-FR,0%,N/A,N/A,N/A,SIM,N/A,N/A,N/A,N/A,N/A,SIM,SIM,,
CASTHOUSE,FURNACES,FURN-CAIS-134-FR-100,FORNO 1,0%,N/A,N/A,N/A,SIM,N/A,N/A,N/A,N/A,N/A,SIM,SIM,,
CASTHOUSE,FURNACES,FURN-CAIS-134-FR-200,FORNO 2,0%,N/A,N/A,N/A,SIM,N/A,N/A,N/A,N/A,N/A,SIM,SIM,,
CASTHOUSE,FURNACES,FURN-CAIS-134-FR-300,FORNO 3,0%,N/A,N/A,N/A,SIM,N/A,N/A,N/A,N/A,N/A,SIM,SIM,,
CASTHOUSE,FURNACES,FURN-CAIS-134-FR-400,FORNO 4,0%,N/A,N/A,N/A,SIM,N/A,N/A,N/A,N/A,N/A,SIM,SIM,,
CASTHOUSE,FURNACES,FURN-CAIS-134-FR-500,FORNO 5,0%,N/A,N/A,N/A,SIM,N/A,N/A,N/A,N/A,N/A,SIM,SIM,,
CASTHOUSE,FURNACES,FURN-CAIS-134-FR-600,FORNO 6,0%,N/A,N/A,N/A,SIM,N/A,N/A,N/A,N/A,N/A,SIM,SIM,,
CASTHOUSE,TANKS,TANK-CAIS-134-TQ-007,TANQUE DE ARGONIO,0%,N/A,N/A,N/A,SIM,N/A,SIM,N/A,N/A,N/A,N/A,N/A,,
CASTHOUSE,COOLING TOWERS,TOWR-CAGE-134J-TR-001@008,134 - TORRES DE RESFRIAMENTO - EQUIPAMENTO,0%,N/A,N/A,N/A,SIM,N/A,N/A,N/A,N/A,N/A,N/A,N/A,,
CASTHOUSE,COOLING TOWERS,TOWR-CAGE-134L-TR-001@003,134 - TORRES DE RESFRIAMENTO - EQUIPAMENTO,0%,N/A,N/A,N/A,SIM,N/A,N/A,N/A,N/A,N/A,N/A,N/A,,
CASTHOUSE,LIGHTING TOWER,TOWR-FALS-134G-IL-001,TORRE DE ILUMINAÇÃO DO PATIO DO LINGOTAMENTO,0%,N/A,N/A,N/A,SIM,N/A,N/A,N/A,N/A,N/A,N/A,N/A,,
CASTHOUSE,LIGHTING TOWER,TOWR-FALS-134G-IL-002,TORRE DE ILUMINAÇÃO DO PATIO DO LINGOTAMENTO,0%,N/A,N/A,N/A,SIM,N/A,N/A,N/A,N/A,N/A,N/A,N/A,,
CASTHOUSE,LIGHTING TOWER,TOWR-FALS-134G-IL-003,TORRE DE ILUMINAÇÃO DO PATIO DO LINGOTAMENTO,0%,N/A,N/A,N/A,SIM,N/A,N/A,N/A,N/A,N/A,N/A,N/A,,
CASTHOUSE,LIGHTING TOWER,TOWR-FALS-134G-IL-004,TORRE DE ILUMINAÇÃO DO PATIO DO LINGOTAMENTO,0%,N/A,N/A,N/A,SIM,N/A,N/A,N/A,N/A,N/A,N/A,N/A,,
CASTHOUSE,LIGHTING TOWER,TOWR-FALS-134G-IL-005,TORRE DE ILUMINAÇÃO DO PATIO DO LINGOTAMENTO,0%,N/A,N/A,N/A,SIM,N/A,N/A,N/A,N/A,N/A,N/A,N/A,,
CASTHOUSE,LIGHTING TOWER,TOWR-FALS-134G-IL-006,TORRE DE ILUMINAÇÃO DO PATIO DO LINGOTAMENTO,0%,N/A,N/A,N/A,SIM,N/A,N/A,N/A,N/A,N/A,N/A,N/A,,
CASTHOUSE,UNLOADERS,ULDR-CAIS-134-DM-100,DERRAMADOR DO FORNO 1,0%,N/A,N/A,N/A,SIM,N/A,N/A,N/A,N/A,N/A,N/A,SIM,,
CASTHOUSE,UNLOADERS,ULDR-CAIS-134-DM-300,DERRAMADOR DO FORNO 2 E 3,0%,N/A,N/A,N/A,SIM,N/A,N/A,N/A,N/A,N/A,N/A,SIM,,
CASTHOUSE,UNLOADERS,ULDR-CAIS-134-DM-500,DERRAMADOR DO FORNO 4 E 5,0%,N/A,N/A,N/A,SIM,N/A,N/A,N/A,N/A,N/A,N/A,SIM,,
CASTHOUSE,VESSELS,VESSEL-CAIS-134-VA-001,VASO RESERVATORIO DE AR COMPRIMIDO,0%,N/A,N/A,N/A,N/A,N/A,N/A,SIM,N/A,N/A,N/A,N/A,,
CASTHOUSE,VESSELS,VESSEL-CAIS-134-VA-002,VASO RESERVATORIO DE AR COMPRIMIDO,0%,N/A,N/A,N/A,N/A,N/A,N/A,SIM,N/A,N/A,N/A,N/A,,
CASTHOUSE,VESSELS,VESSEL-CAIS-134-VA-003,VASO RESERVATORIO DE AR COMPRIMIDO,0%,N/A,N/A,N/A,N/A,N/A,N/A,SIM,N/A,N/A,N/A,N/A,,
CASTHOUSE,,,ROTATIVA 1,0%,N/A,N/A,N/A,SIM,N/A,N/A,N/A,N/A,N/A,N/A,N/A,,
CASTHOUSE,,,ROTATIVA 2,0%,N/A,N/A,N/A,SIM,N/A,N/A,N/A,N/A,N/A,N/A,N/A,,